pdb_id,chain_id,experimental_method,resolution,tax_id,unp_start,unp_end,start,end,coverage,uniprot_id,coverage_percent,source_url,retrieved_at
4bta,A,X-ray diffraction,2.95,9606,18,261,8,251,0.472,P13674,47.2,https://www.ebi.ac.uk/pdbe/api/mappings/best_structures/P13674,2026-07-28
4bta,B,X-ray diffraction,2.95,9606,18,261,8,251,0.472,P13674,47.2,https://www.ebi.ac.uk/pdbe/api/mappings/best_structures/P13674,2026-07-28
4btb,A,X-ray diffraction,1.899,9606,18,255,2,239,0.46,P13674,46.0,https://www.ebi.ac.uk/pdbe/api/mappings/best_structures/P13674,2026-07-28
4bt9,A,X-ray diffraction,1.9,9606,18,255,2,239,0.46,P13674,46.0,https://www.ebi.ac.uk/pdbe/api/mappings/best_structures/P13674,2026-07-28
4bt9,B,X-ray diffraction,1.9,9606,18,255,2,239,0.46,P13674,46.0,https://www.ebi.ac.uk/pdbe/api/mappings/best_structures/P13674,2026-07-28
4bt8,A,X-ray diffraction,2.198,9606,18,255,2,239,0.46,P13674,46.0,https://www.ebi.ac.uk/pdbe/api/mappings/best_structures/P13674,2026-07-28
4bt8,B,X-ray diffraction,2.198,9606,18,255,2,239,0.46,P13674,46.0,https://www.ebi.ac.uk/pdbe/api/mappings/best_structures/P13674,2026-07-28
2yq8,A,X-ray diffraction,2.987,9606,18,255,2,239,0.46,P13674,46.0,https://www.ebi.ac.uk/pdbe/api/mappings/best_structures/P13674,2026-07-28
2yq8,B,X-ray diffraction,2.987,9606,18,255,2,239,0.46,P13674,46.0,https://www.ebi.ac.uk/pdbe/api/mappings/best_structures/P13674,2026-07-28
2v5f,A,X-ray diffraction,2.03,9606,161,263,2,104,0.199,P13674,19.9,https://www.ebi.ac.uk/pdbe/api/mappings/best_structures/P13674,2026-07-28
1tjc,A,X-ray diffraction,2.3,9606,161,261,2,102,0.195,P13674,19.5,https://www.ebi.ac.uk/pdbe/api/mappings/best_structures/P13674,2026-07-28
1tjc,B,X-ray diffraction,2.3,9606,161,261,2,102,0.195,P13674,19.5,https://www.ebi.ac.uk/pdbe/api/mappings/best_structures/P13674,2026-07-28
9hre,A,X-ray diffraction,2.05,9606,160,255,2,97,0.186,P13674,18.6,https://www.ebi.ac.uk/pdbe/api/mappings/best_structures/P13674,2026-07-28
9hre,B,X-ray diffraction,2.05,9606,160,255,2,97,0.186,P13674,18.6,https://www.ebi.ac.uk/pdbe/api/mappings/best_structures/P13674,2026-07-28
9hre,C,X-ray diffraction,2.05,9606,160,255,2,97,0.186,P13674,18.6,https://www.ebi.ac.uk/pdbe/api/mappings/best_structures/P13674,2026-07-28
9hre,D,X-ray diffraction,2.05,9606,160,255,2,97,0.186,P13674,18.6,https://www.ebi.ac.uk/pdbe/api/mappings/best_structures/P13674,2026-07-28
9ht8,A,X-ray diffraction,2.15,9606,160,255,2,97,0.186,P13674,18.6,https://www.ebi.ac.uk/pdbe/api/mappings/best_structures/P13674,2026-07-28
9ht8,B,X-ray diffraction,2.15,9606,160,255,2,97,0.186,P13674,18.6,https://www.ebi.ac.uk/pdbe/api/mappings/best_structures/P13674,2026-07-28
9hpq,A,X-ray diffraction,2.17,9606,160,255,2,97,0.186,P13674,18.6,https://www.ebi.ac.uk/pdbe/api/mappings/best_structures/P13674,2026-07-28
9hpq,B,X-ray diffraction,2.17,9606,160,255,2,97,0.186,P13674,18.6,https://www.ebi.ac.uk/pdbe/api/mappings/best_structures/P13674,2026-07-28
9hpq,C,X-ray diffraction,2.17,9606,160,255,2,97,0.186,P13674,18.6,https://www.ebi.ac.uk/pdbe/api/mappings/best_structures/P13674,2026-07-28
9hpq,D,X-ray diffraction,2.17,9606,160,255,2,97,0.186,P13674,18.6,https://www.ebi.ac.uk/pdbe/api/mappings/best_structures/P13674,2026-07-28
7zsc,A,X-ray diffraction,3.85,9606,282,535,9,262,0.494,O15460,49.4,https://www.ebi.ac.uk/pdbe/api/mappings/best_structures/O15460,2026-07-28
7zsc,B,X-ray diffraction,3.85,9606,282,535,9,262,0.494,O15460,49.4,https://www.ebi.ac.uk/pdbe/api/mappings/best_structures/O15460,2026-07-28
6evn,A,X-ray diffraction,1.48,9606,163,257,8,102,0.185,O15460,18.5,https://www.ebi.ac.uk/pdbe/api/mappings/best_structures/O15460,2026-07-28
6evo,A,X-ray diffraction,1.55,9606,163,257,8,102,0.185,O15460,18.5,https://www.ebi.ac.uk/pdbe/api/mappings/best_structures/O15460,2026-07-28
6evp,A,X-ray diffraction,1.68,9606,163,257,8,102,0.185,O15460,18.5,https://www.ebi.ac.uk/pdbe/api/mappings/best_structures/O15460,2026-07-28
9htd,A,X-ray diffraction,1.751,9606,163,257,8,102,0.185,O15460,18.5,https://www.ebi.ac.uk/pdbe/api/mappings/best_structures/O15460,2026-07-28
6evl,A,X-ray diffraction,1.87,9606,163,257,8,102,0.185,O15460,18.5,https://www.ebi.ac.uk/pdbe/api/mappings/best_structures/O15460,2026-07-28
6evm,A,X-ray diffraction,2.0,9606,163,257,8,102,0.185,O15460,18.5,https://www.ebi.ac.uk/pdbe/api/mappings/best_structures/O15460,2026-07-28
6i7s,A,X-ray diffraction,2.5,9606,18,508,2,492,1.0,P07237,100.0,https://www.ebi.ac.uk/pdbe/api/mappings/best_structures/P07237,2026-07-28
6i7s,B,X-ray diffraction,2.5,9606,18,508,2,492,1.0,P07237,100.0,https://www.ebi.ac.uk/pdbe/api/mappings/best_structures/P07237,2026-07-28
8eoj,A,Electron Microscopy,3.07,9606,1,508,1,508,1.0,P07237,100.0,https://www.ebi.ac.uk/pdbe/api/mappings/best_structures/P07237,2026-07-28
7zsc,C,X-ray diffraction,3.85,9606,18,508,2,492,1.0,P07237,100.0,https://www.ebi.ac.uk/pdbe/api/mappings/best_structures/P07237,2026-07-28
7zsc,D,X-ray diffraction,3.85,9606,18,508,2,492,1.0,P07237,100.0,https://www.ebi.ac.uk/pdbe/api/mappings/best_structures/P07237,2026-07-28
4ekz,A,X-ray diffraction,2.51,9606,18,479,21,482,0.941,P07237,94.1,https://www.ebi.ac.uk/pdbe/api/mappings/best_structures/P07237,2026-07-28
4el1,A,X-ray diffraction,2.883,9606,18,479,21,482,0.941,P07237,94.1,https://www.ebi.ac.uk/pdbe/api/mappings/best_structures/P07237,2026-07-28
4el1,B,X-ray diffraction,2.883,9606,18,479,21,482,0.941,P07237,94.1,https://www.ebi.ac.uk/pdbe/api/mappings/best_structures/P07237,2026-07-28
3uem,A,X-ray diffraction,2.29,9606,137,479,19,361,0.699,P07237,69.9,https://www.ebi.ac.uk/pdbe/api/mappings/best_structures/P07237,2026-07-28
4ju5,A,X-ray diffraction,2.28,9606,135,367,6,238,0.475,P07237,47.5,https://www.ebi.ac.uk/pdbe/api/mappings/best_structures/P07237,2026-07-28
4ju5,B,X-ray diffraction,2.28,9606,135,367,6,238,0.475,P07237,47.5,https://www.ebi.ac.uk/pdbe/api/mappings/best_structures/P07237,2026-07-28
2k18,A,Solution NMR,,9606,135,357,6,228,0.454,P07237,45.4,https://www.ebi.ac.uk/pdbe/api/mappings/best_structures/P07237,2026-07-28
3bj5,A,X-ray diffraction,2.2,9606,230,368,9,147,0.283,P07237,28.3,https://www.ebi.ac.uk/pdbe/api/mappings/best_structures/P07237,2026-07-28
8gdy,A,X-ray diffraction,2.05,9606,18,137,22,141,0.244,P07237,24.4,https://www.ebi.ac.uk/pdbe/api/mappings/best_structures/P07237,2026-07-28
8gdy,B,X-ray diffraction,2.05,9606,18,137,22,141,0.244,P07237,24.4,https://www.ebi.ac.uk/pdbe/api/mappings/best_structures/P07237,2026-07-28
1mek,A,Solution NMR,,9606,18,137,1,120,0.244,P07237,24.4,https://www.ebi.ac.uk/pdbe/api/mappings/best_structures/P07237,2026-07-28
1bjx,A,Solution NMR,,9606,136,245,1,110,0.224,P07237,22.4,https://www.ebi.ac.uk/pdbe/api/mappings/best_structures/P07237,2026-07-28
2bjx,A,Solution NMR,,9606,136,245,1,110,0.224,P07237,22.4,https://www.ebi.ac.uk/pdbe/api/mappings/best_structures/P07237,2026-07-28
1x5c,A,Solution NMR,,9606,368,475,8,115,0.22,P07237,22.0,https://www.ebi.ac.uk/pdbe/api/mappings/best_structures/P07237,2026-07-28
6fxm,A,X-ray diffraction,2.1,9606,25,738,2,715,1.0,O60568,100.0,https://www.ebi.ac.uk/pdbe/api/mappings/best_structures/O60568,2026-07-28
6fxr,A,X-ray diffraction,2.1,9606,25,738,2,715,1.0,O60568,100.0,https://www.ebi.ac.uk/pdbe/api/mappings/best_structures/O60568,2026-07-28
6fxy,A,X-ray diffraction,2.138,9606,25,738,2,715,1.0,O60568,100.0,https://www.ebi.ac.uk/pdbe/api/mappings/best_structures/O60568,2026-07-28
6tes,A,X-ray diffraction,2.2,9606,25,738,2,715,1.0,O60568,100.0,https://www.ebi.ac.uk/pdbe/api/mappings/best_structures/O60568,2026-07-28
6te3,A,X-ray diffraction,2.3,9606,25,738,2,715,1.0,O60568,100.0,https://www.ebi.ac.uk/pdbe/api/mappings/best_structures/O60568,2026-07-28
6tex,A,X-ray diffraction,2.3,9606,25,738,2,715,1.0,O60568,100.0,https://www.ebi.ac.uk/pdbe/api/mappings/best_structures/O60568,2026-07-28
8one,A,X-ray diffraction,2.3,9606,25,738,3,716,1.0,O60568,100.0,https://www.ebi.ac.uk/pdbe/api/mappings/best_structures/O60568,2026-07-28
6tec,A,X-ray diffraction,2.4,9606,25,738,2,715,1.0,O60568,100.0,https://www.ebi.ac.uk/pdbe/api/mappings/best_structures/O60568,2026-07-28
6fxt,A,X-ray diffraction,2.5,9606,25,738,2,715,1.0,O60568,100.0,https://www.ebi.ac.uk/pdbe/api/mappings/best_structures/O60568,2026-07-28
6fxk,A,X-ray diffraction,2.7,9606,25,738,2,715,1.0,O60568,100.0,https://www.ebi.ac.uk/pdbe/api/mappings/best_structures/O60568,2026-07-28
6tez,A,X-ray diffraction,2.7,9606,25,738,2,715,1.0,O60568,100.0,https://www.ebi.ac.uk/pdbe/api/mappings/best_structures/O60568,2026-07-28
6fxx,A,X-ray diffraction,3.0,9606,25,738,2,715,1.0,O60568,100.0,https://www.ebi.ac.uk/pdbe/api/mappings/best_structures/O60568,2026-07-28
6teu,A,X-ray diffraction,3.0,9606,25,738,2,715,1.0,O60568,100.0,https://www.ebi.ac.uk/pdbe/api/mappings/best_structures/O60568,2026-07-28
8zge,A,Electron Microscopy,3.4,9606,1,738,1,738,1.0,O60568,100.0,https://www.ebi.ac.uk/pdbe/api/mappings/best_structures/O60568,2026-07-28
8zge,B,Electron Microscopy,3.4,9606,1,738,1,738,1.0,O60568,100.0,https://www.ebi.ac.uk/pdbe/api/mappings/best_structures/O60568,2026-07-28
8zgc,A,Electron Microscopy,3.58,9606,1,738,1,738,1.0,O60568,100.0,https://www.ebi.ac.uk/pdbe/api/mappings/best_structures/O60568,2026-07-28
8zgc,B,Electron Microscopy,3.58,9606,1,738,1,738,1.0,O60568,100.0,https://www.ebi.ac.uk/pdbe/api/mappings/best_structures/O60568,2026-07-28
8zgc,C,Electron Microscopy,3.58,9606,1,738,1,738,1.0,O60568,100.0,https://www.ebi.ac.uk/pdbe/api/mappings/best_structures/O60568,2026-07-28
8zgc,D,Electron Microscopy,3.58,9606,1,738,1,738,1.0,O60568,100.0,https://www.ebi.ac.uk/pdbe/api/mappings/best_structures/O60568,2026-07-28
8zgg,A,Electron Microscopy,3.75,9606,1,738,1,738,1.0,O60568,100.0,https://www.ebi.ac.uk/pdbe/api/mappings/best_structures/O60568,2026-07-28
8zgg,B,Electron Microscopy,3.75,9606,1,738,1,738,1.0,O60568,100.0,https://www.ebi.ac.uk/pdbe/api/mappings/best_structures/O60568,2026-07-28
8zgg,C,Electron Microscopy,3.75,9606,1,738,1,738,1.0,O60568,100.0,https://www.ebi.ac.uk/pdbe/api/mappings/best_structures/O60568,2026-07-28
8zgg,D,Electron Microscopy,3.75,9606,1,738,1,738,1.0,O60568,100.0,https://www.ebi.ac.uk/pdbe/api/mappings/best_structures/O60568,2026-07-28
8zgh,A,Electron Microscopy,3.93,9606,1,738,1,738,1.0,O60568,100.0,https://www.ebi.ac.uk/pdbe/api/mappings/best_structures/O60568,2026-07-28
8zgh,B,Electron Microscopy,3.93,9606,1,738,1,738,1.0,O60568,100.0,https://www.ebi.ac.uk/pdbe/api/mappings/best_structures/O60568,2026-07-28
8zgh,C,Electron Microscopy,3.93,9606,1,738,1,738,1.0,O60568,100.0,https://www.ebi.ac.uk/pdbe/api/mappings/best_structures/O60568,2026-07-28
8zgh,D,Electron Microscopy,3.93,9606,1,738,1,738,1.0,O60568,100.0,https://www.ebi.ac.uk/pdbe/api/mappings/best_structures/O60568,2026-07-28
6wfv,A,X-ray diffraction,1.7,9606,32,266,13,247,0.329,O60568,32.9,https://www.ebi.ac.uk/pdbe/api/mappings/best_structures/O60568,2026-07-28
